file	bytes	pages	words	sha256	text_file	text_sha256	source_file	source_sha256
fulcrum_v1n1_april_1992_ocr.pdf	1516771	30	9579	e66c3c199a11f3791c8951c3a5e4e2617ddb8b42dc98f920259f4d7054f966ba	fulcrum_v1n1_april_1992_ocr.txt	281b5cc7579b0714cb066afe90664ebcc28a13f45de26f9902b69fec98fb0d91	fulcrum_v1n1_april_1992.pdf	eaa509c11389423949a55b967b40db73ab19a00012f3226503f6ef5e11f7b526
fulcrum_v1n2_august_1992_ocr.pdf	6116430	36	10602	a0fa2d6c942ca113f6ca510edab920285a05434a1fd1dfb218faf9e8adf81729	fulcrum_v1n2_august_1992_ocr.txt	5b6b487b61ceae6f81da9777836941b5363a53e84475fd956353a65f3dc1d4d3	fulcrum_v1n2_august_1992.pdf	7fdd1c57063f93e56228b91cdd1311f72d08938863fb60bb04166d64cda274ee
fulcrum_v1n3_december_1992_ocr.pdf	6763705	35	10509	4bc2f94feb72ed9831d91cc59106cda2fb2298a6b0b09ff525b43a0bc9bdc7ce	fulcrum_v1n3_december_1992_ocr.txt	bac5ffb322fae347b3d7fc894e160c73969620fb0ca68d654be89d59666d73d8	fulcrum_v1n3_december_1992.pdf	0cf18675fdea0daaa2ee9bb24a43def33489d245794d8813819e74cc633b32af
fulcrum_v1n4_april_1993_ocr.pdf	1792209	36	10868	f2ee75b0d5dc50be6d77430316a9dc814011d034e11a80c5e0fa19d0a27e3b27	fulcrum_v1n4_april_1993_ocr.txt	190e8171bf590760340453b59c4d44b9bb3e5997265618d0e3bc9a9d0786e84a	fulcrum_v1n4_april_1993.pdf	60be7089edec741d099973d967c1c95076af46fa7d9987efc603b983d32fee08
fulcrum_v2n1_august_1993_ocr.pdf	2078828	36	11808	2757a0d13b2195905655a941419717ec95c1d6d0814ceeee19ad7f135c60bee8	fulcrum_v2n1_august_1993_ocr.txt	faac456cb0288c5fc05ad52e9ec23a2d04156399622e3abd4294943e74639324	fulcrum_v2n1_august_1993.pdf	d99bc2f89fa2d27db5e032f1a0630dc74d798e48738fa379bef5156ecdba8cc1
fulcrum_v2n2_december_1993_ocr.pdf	1864620	38	13586	8f95c0ca8a963f31bcddf99149e8b0532cc15594d8b44a314c0ee82d2456aeca	fulcrum_v2n2_december_1993_ocr.txt	18a8df5e466f92e8a6d80fafe961fce8ff15845b330607e4980d48da5ea59430	fulcrum_v2n2_december_1993.pdf	3833947b1e95d68b0a03bc3de9929d4d448f6220f08f96146d28056a5cf5da0c
fulcrum_v2n3_february_1994_ocr.pdf	3936261	40	13670	d98d1303cb8912e80a559e7e8f0c8d4a29b92f4e992a6a9e4c21275b7c40fa73	fulcrum_v2n3_february_1994_ocr.txt	e0a5d61f14682cc152159990b15ffa841033750c5a68e59eb3bf950dedbb0af4	fulcrum_v2n3_february_1994.pdf	c002b5cbbd4cfcfc09f4a7bb1ca7bb648f83bc5edb90a643d91b82f8dd32c8ee
fulcrum_v2n4_june_1994_ocr.pdf	2644872	36	19573	79ccc8da11cc053e428629f4b6b604dbc7688f74e379fbc0344dff83574a7531	fulcrum_v2n4_june_1994_ocr.txt	bf1a6b9972844fa3fc4b6d185804d6c8c733ac7fc9cc255b57bacdbdff39aa99	fulcrum_v2n4_june_1994.pdf	cf49f5a135fa80867585eb707cd65546a058d91a14f36cd5f0ae6a5d29ffa9e2
fulcrum_v3n1_september_1994_ocr.pdf	1905095	32	14677	d8be4a06330055f1225e846de75a92cda6f712754adf5e247023fe2ebfee3bb7	fulcrum_v3n1_september_1994_ocr.txt	72641ab26e2ddab1fa56fdad464eff7674baa2654d0b3db161db084aa9dedd3d	fulcrum_v3n1_september_1994.pdf	6bd8a60eeabc58a3411bc98ab20b4ac4c46bbe935a1d2148c1f423dbd231a9c4
fulcrum_v3n2_december_1994_ocr.pdf	6699201	49	21695	079b4d6db3a4240d337f7aae28458ea510c68417d448eb10bd76bdcc0b20bd24	fulcrum_v3n2_december_1994_ocr.txt	e36283cde9af407f1e9db44ca9ffd974a89afd5312785fc9fd320817f1f2d69d	fulcrum_v3n2_december_1994.pdf	ae5317246a993fda2ebe08b1aacd7ccdbd9df5d295df31a42416d262fe14b85b
fulcrum_v3n3_april_1995_ocr.pdf	2689645	40	20010	b241f20d0d71f10dc45d61d35ae144d119628abdd05faedcacb01ef8b9dbc5c0	fulcrum_v3n3_april_1995_ocr.txt	c564cfd7cd5df6760a8b27c6a50e22d849e26603476e6a5078a848d60927a1db	fulcrum_v3n3_april_1995.pdf	d09cdf97aeb0d42af78903144c7f202b4603c7a9a053b29e1220fba4e9a7382c
fulcrum_v3n4_july_1995_ocr.pdf	3562235	40	17211	7da91afa7b3a84986d40178519145430f018fdfa67de7d167a3bc8e529da4c2e	fulcrum_v3n4_july_1995_ocr.txt	10da82948cafc20d8ee85f172493932589714e9ba86d77c930a59ed2c8e4dc4e	fulcrum_v3n4_july_1995.pdf	cc4b529646121638134570e829001453b1d776d517f41172ef0d19bf525b9a0b
fulcrum_v4n1_january_1996_ocr.pdf	16662230	44	18194	343c820da48e53e0791cabeb268a4417090e1b64a0c969f59ae1f98d1168c8a7	fulcrum_v4n1_january_1996_ocr.txt	22bd7780d6628da137a5d224c219d626150f90329f777abdb4d9ba8eb1fbb3d8	fulcrum_v4n1_january_1996.pdf	6738e4fac7e1ed673a6630a967a7fbad79192e3115f4740b22a22e30fde3bcab
fulcrum_v4n2_june_1996_ocr.pdf	3866732	59	26278	90007b1d26bad0b3fe1f470c116827a25fb789d5d1e258846fa22a54a2506bd5	fulcrum_v4n2_june_1996_ocr.txt	78fba00cb61549e761bbbce7ff667b69a2902b380fea65bb1709878b02a7d65b	fulcrum_v4n2_june_1996.pdf	351f16fd3ba9b23be062239c6595676a58e7681817c210d9a0325f407f7059ac
fulcrum_v4n3_october_1996_ocr.pdf	3669690	53	31098	b7dcfac89db5fb2c074cad9cbf7930f684d9561f6d3b02889701e63ea2ac1fd9	fulcrum_v4n3_october_1996_ocr.txt	fd607e2e2cdf3c0814f6f28e0070e22c7ef85186ab513bed93ef79e5f20c37b6	fulcrum_v4n3_october_1996.pdf	4ff27b2111d7c19c2a4d0ba4873d2c79303a789b40c1b7755220c9634e00e470
fulcrum_v5n1_may_1997_ocr.pdf	35389164	138	45523	e1adf433c02cad76da1d0bfa21a0a208e8a3d99bb91259be2143428c39bcffd6	fulcrum_v5n1_may_1997_ocr.txt	1ce7a8be0280c8b485c1987f1063beef18f53fdb8561fefc844ac0ba4e617207	fulcrum_v5n1_may_1997.pdf	f2811d92457ab2c96ed53bd23d979ca95ffd3788c03d9020560456ca2e2864c4
fulcrum_v5n2_november_1997_ocr.pdf	26762873	88	36588	001c3018bb1da3866f76b2ff5a1a45ef14e8bdfc8b1b48bd2d4de2ad218dcfa4	fulcrum_v5n2_november_1997_ocr.txt	aab5a71d70c4cd9b328bde3f9f1c4d55c143d3dd0fa9fefa849cd92b936135f4	fulcrum_v5n2_november_1997.pdf	04b4719f55acb55afd4c642121367f1f580de48fa1783beb29a7ee6451f248a8
fulcrum_v5n3_december_1997_ocr.pdf	24162024	86	36971	d77785c175545df53955a81a49e9e6c20479d6f9e2f8d3b1aa2cbd79ea356aa6	fulcrum_v5n3_december_1997_ocr.txt	8f872da83e1b32c6b63c06005e15b503b60c2639a9d3640a0339205a97d0c7cc	fulcrum_v5n3_december_1997.pdf	3db8b3b5cbffd1034874a010538a423feaecb1e8737a4f44ab8920a53532484a
fulcrum_v6n1_may_1998_ocr.pdf	28920408	106	45406	f7b3ef8d259288148fa895b9aa0efd6c7e731e8c4395fc1e78bd2a2e0a246f68	fulcrum_v6n1_may_1998_ocr.txt	deff277cc097856e9a520fb82533afaba292db9112b680ed75654b556eff6917	fulcrum_v6n1_may_1998.pdf	7c7579bdcfc99bdc1651a7b110935de3c2b9058fda4f4f5d0598f1b277892860
fulcrum_v6n2_november_1998_ocr.pdf	25352168	79	36809	b4f05a63a8c68671592b91b348d22acef1e9eda873bd8ea3ffd417e96e149e86	fulcrum_v6n2_november_1998_ocr.txt	cda22b44a62e572f1a30a03af2dc443a7537d849f760aff54d47cead84fa6365	fulcrum_v6n2_november_1998.pdf	3fb9c6931b7e346999b60b53e6d652acde49f52a4b29a6f12097f91c3b6970e6
fulcrum_v6n3_december_1998_ocr.pdf	26953691	107	30789	90f9e5814f24f58f9f3591b99c46dd36a376689a6f36d332ec70a55cba1e25f9	fulcrum_v6n3_december_1998_ocr.txt	ec370d77a7604486a14449faf41f53a5bf6514456222cedcbf3cf05f5e906024	fulcrum_v6n3_december_1998.pdf	92d9c7dccc3b717853c4f10a09cdcb803042a12d15109370d255385255996c1a
